{
  "panels": [
    {
      "Type": 0,
      "Width": 265,
      "Height": 24,
      "Position": {
        "m0": 0.868315637,
        "m1": -0.011407272,
        "m2": -0.495880872,
        "m3": 0.3049998,
        "m4": 0,
        "m5": 0.999735534,
        "m6": -0.0229979716,
        "m7": 0.2769998,
        "m8": 0.496012062,
        "m9": 0.0199694987,
        "m10": 0.868086,
        "m11": -0.5590004
      }
    },
    {
      "Type": 1,
      "Width": 250,
      "Height": 80,
      "Position": {
        "m0": 0.999955952,
        "m1": -0.00163441058,
        "m2": -0.009243675,
        "m3": 0.009999818,
        "m4": 0.001012249,
        "m5": 0.99775815,
        "m6": -0.06691518,
        "m7": -0.115000039,
        "m8": 0.009332319,
        "m9": 0.06690287,
        "m10": 0.997715831,
        "m11": -0.5489994
      }
    },
    {
      "Type": 2,
      "Width": 500,
      "Height": 350,
      "Position": {
        "m0": 0.9998451,
        "m1": -0.01632199,
        "m2": 0.006589513,
        "m3": 0.0009998061,
        "m4": -0.003730026,
        "m5": 0.169390664,
        "m6": 0.98554194,
        "m7": -0.47200036,
        "m8": -0.0172022078,
        "m9": -0.9854138,
        "m10": 0.169303536,
        "m11": -0.294001043
      }
    }
  ]
}