{
  "panels": [
    {
      "Type": 0,
      "Width": 265,
      "Height": 24,
      "Scale": 1,
      "Position": {
        "m0": 0.868315637,
        "m1": -0.011407272,
        "m2": -0.495880872,
        "m3": 0.3049998,
        "m4": 0,
        "m5": 0.999735534,
        "m6": -0.0229979716,
        "m7": 0.2769998,
        "m8": 0.496012062,
        "m9": 0.0199694987,
        "m10": 0.868086,
        "m11": -0.5590004
      }
    },
    {
      "Type": 1,
      "Width": 250,
      "Height": 80,
      "Scale": 1.533,
      "Position": {
        "m0": 0.999175131,
        "m1": 0.00138450845,
        "m2": 0.0405856743,
        "m3": -0.0120001836,
        "m4": 0.00101048977,
        "m5": 0.9982616,
        "m6": -0.0589310862,
        "m7": 0.167999938,
        "m8": -0.04059671,
        "m9": 0.0589234866,
        "m10": 0.9974367,
        "m11": -0.6339992
      }
    },
    {
      "Type": 2,
      "Width": 500,
      "Height": 350,
      "Scale": 0.791000068,
      "Position": {
        "m0": 0.9999986,
        "m1": -0.00139970169,
        "m2": 0.000871113851,
        "m3": -0.004000194,
        "m4": -0.000624482462,
        "m5": 0.16741924,
        "m6": 0.9858856,
        "m7": -0.4260008,
        "m8": -0.00152578694,
        "m9": -0.9858848,
        "m10": 0.167418137,
        "m11": -0.241001323
      }
    }
  ]
}