{
  "panels": [
    {
      "Type": 0,
      "Width": 265,
      "Height": 24,
      "Scale": 1,
      "UnfocusScale": 1,
      "Alpha": 1,
      "UnfocusAlpha": 1,
      "Position": {
        "m0": 0.868315637,
        "m1": -0.011407272,
        "m2": -0.495880872,
        "m3": 0.3049998,
        "m4": 0,
        "m5": 0.999735534,
        "m6": -0.0229979716,
        "m7": 0.2769998,
        "m8": 0.496012062,
        "m9": 0.0199694987,
        "m10": 0.868086,
        "m11": -0.5590004
      }
    },
    {
      "Type": 1,
      "Width": 250,
      "Height": 80,
      "Scale": 1.533,
      "UnfocusScale": 1.533,
      "Alpha": 1,
      "UnfocusAlpha": 1,
      "Position": {
        "m0": 0.9999745,
        "m1": -0.005719725,
        "m2": 0.004279108,
        "m3": 0.001999817,
        "m4": 0.00372433849,
        "m5": 0.9286443,
        "m6": 0.370952725,
        "m7": -0.22100018,
        "m8": -0.0060955165,
        "m9": -0.3709273,
        "m10": 0.9286419,
        "m11": -0.6400017
      }
    },
    {
      "Type": 2,
      "Width": 500,
      "Height": 350,
      "Scale": 0.791000068,
      "UnfocusScale": 0.791000068,
      "Alpha": 1,
      "UnfocusAlpha": 0,
      "Position": {
        "m0": 0.999939561,
        "m1": -0.00925985351,
        "m2": 0.005927781,
        "m3": 0.00399980647,
        "m4": -0.000321182131,
        "m5": 0.5143172,
        "m6": 0.8576,
        "m7": -0.3540013,
        "m8": -0.01099001,
        "m9": -0.85755,
        "m10": 0.5142831,
        "m11": -0.241001323
      }
    }
  ]
}